id;name;description
1;Louisiana Specialist Home Loan Account;../fake-data/blob/hipster.txt
2;Plastic;../fake-data/blob/hipster.txt
3;Car Industrial deliverables;../fake-data/blob/hipster.txt
4;orange Books;../fake-data/blob/hipster.txt
5;magenta monitor 1080p;../fake-data/blob/hipster.txt
6;Unbranded Plastic Tuna Frozen;../fake-data/blob/hipster.txt
7;generating Highway Ergonomic;../fake-data/blob/hipster.txt
8;moratorium moratorium;../fake-data/blob/hipster.txt
9;New York tangible Mississippi;../fake-data/blob/hipster.txt
10;Frozen bus;../fake-data/blob/hipster.txt
